{
  "metadata": {
    "loss_function": "QLIKE",
    "forecast_horizon_days": 5,
    "hac_bandwidth": 4,
    "test": "Diebold-Mariano (1995) two-sided",
    "interpretation": "negative t_stat means A beats B; p_value < 0.05 = significant"
  },
  "pairs": {
    "GARCH vs EGARCH": {
      "n": 980,
      "mean_diff": 0.005774997438210332,
      "t_stat": 0.8442009114305095,
      "p_value": 0.39855714533314446,
      "se": 0.006840785599750803
    },
    "GARCH vs GJR-GARCH": {
      "n": 980,
      "mean_diff": 0.03584370835098063,
      "t_stat": 2.1369173186485577,
      "p_value": 0.032604717122086235,
      "se": 0.01677355882615483
    },
    "GARCH vs HAR-RV": {
      "n": 980,
      "mean_diff": -0.03922068103581278,
      "t_stat": -2.319961740819044,
      "p_value": 0.02034294710556539,
      "se": 0.01690574475679337
    },
    "GARCH vs LightGBM": {
      "n": 980,
      "mean_diff": 0.01733662517361405,
      "t_stat": 0.55141538417664,
      "p_value": 0.5813489570538817,
      "se": 0.03144022758723113
    },
    "GARCH vs XGBoost": {
      "n": 980,
      "mean_diff": 0.02522085610046713,
      "t_stat": 0.8268609279334024,
      "p_value": 0.4083158915030942,
      "se": 0.0305019323666706
    },
    "GARCH vs Ensemble": {
      "n": 980,
      "mean_diff": 0.03744608094358418,
      "t_stat": 3.2511241354081393,
      "p_value": 0.0011494965592906414,
      "se": 0.011517887162706963
    },
    "EGARCH vs GARCH": {
      "n": 980,
      "mean_diff": -0.005774997438210332,
      "t_stat": -0.8442009114305095,
      "p_value": 0.39855714533314446,
      "se": 0.006840785599750803
    },
    "EGARCH vs GJR-GARCH": {
      "n": 980,
      "mean_diff": 0.030068710912770295,
      "t_stat": 2.0007058364474046,
      "p_value": 0.045424100090532216,
      "se": 0.015029051430250451
    },
    "EGARCH vs HAR-RV": {
      "n": 980,
      "mean_diff": -0.04499567847402311,
      "t_stat": -2.2431881084800653,
      "p_value": 0.024884686805347167,
      "se": 0.02005880750879657
    },
    "EGARCH vs LightGBM": {
      "n": 980,
      "mean_diff": 0.011561627735403736,
      "t_stat": 0.3775012747130581,
      "p_value": 0.7058011172581204,
      "se": 0.03062672502017861
    },
    "EGARCH vs XGBoost": {
      "n": 980,
      "mean_diff": 0.019445858662256798,
      "t_stat": 0.6569577462905188,
      "p_value": 0.5112080858311367,
      "se": 0.029599862049054033
    },
    "EGARCH vs Ensemble": {
      "n": 980,
      "mean_diff": 0.03167108350537385,
      "t_stat": 2.6075364074299716,
      "p_value": 0.00911963718175346,
      "se": 0.012145979406128164
    },
    "GJR-GARCH vs GARCH": {
      "n": 980,
      "mean_diff": -0.03584370835098063,
      "t_stat": -2.1369173186485577,
      "p_value": 0.032604717122086235,
      "se": 0.01677355882615483
    },
    "GJR-GARCH vs EGARCH": {
      "n": 980,
      "mean_diff": -0.030068710912770295,
      "t_stat": -2.0007058364474046,
      "p_value": 0.045424100090532216,
      "se": 0.015029051430250451
    },
    "GJR-GARCH vs HAR-RV": {
      "n": 980,
      "mean_diff": -0.07506438938679338,
      "t_stat": -2.9941997813097196,
      "p_value": 0.0027516570527978956,
      "se": 0.025069933494537497
    },
    "GJR-GARCH vs LightGBM": {
      "n": 980,
      "mean_diff": -0.018507083177366563,
      "t_stat": -0.7330703485458012,
      "p_value": 0.4635155238753521,
      "se": 0.02524598521012239
    },
    "GJR-GARCH vs XGBoost": {
      "n": 980,
      "mean_diff": -0.010622852250513487,
      "t_stat": -0.4300625747235389,
      "p_value": 0.6671501232473449,
      "se": 0.02470071304703106
    },
    "GJR-GARCH vs Ensemble": {
      "n": 980,
      "mean_diff": 0.0016023725926035623,
      "t_stat": 0.12228774297332205,
      "p_value": 0.9026711388327902,
      "se": 0.013103296811628385
    },
    "HAR-RV vs GARCH": {
      "n": 980,
      "mean_diff": 0.03922068103581278,
      "t_stat": 2.319961740819044,
      "p_value": 0.02034294710556539,
      "se": 0.01690574475679337
    },
    "HAR-RV vs EGARCH": {
      "n": 980,
      "mean_diff": 0.04499567847402311,
      "t_stat": 2.2431881084800653,
      "p_value": 0.024884686805347167,
      "se": 0.02005880750879657
    },
    "HAR-RV vs GJR-GARCH": {
      "n": 980,
      "mean_diff": 0.07506438938679338,
      "t_stat": 2.9941997813097196,
      "p_value": 0.0027516570527978956,
      "se": 0.025069933494537497
    },
    "HAR-RV vs LightGBM": {
      "n": 980,
      "mean_diff": 0.05655730620942683,
      "t_stat": 1.4769672552125368,
      "p_value": 0.1396844149569456,
      "se": 0.03829286398180046
    },
    "HAR-RV vs XGBoost": {
      "n": 980,
      "mean_diff": 0.0644415371362799,
      "t_stat": 1.678655558175716,
      "p_value": 0.09321919198557405,
      "se": 0.03838877893825457
    },
    "HAR-RV vs Ensemble": {
      "n": 980,
      "mean_diff": 0.07666676197939695,
      "t_stat": 3.702002641124452,
      "p_value": 0.00021390439103141645,
      "se": 0.02070953735357414
    },
    "LightGBM vs GARCH": {
      "n": 980,
      "mean_diff": -0.01733662517361405,
      "t_stat": -0.55141538417664,
      "p_value": 0.5813489570538817,
      "se": 0.03144022758723113
    },
    "LightGBM vs EGARCH": {
      "n": 980,
      "mean_diff": -0.011561627735403736,
      "t_stat": -0.3775012747130581,
      "p_value": 0.7058011172581204,
      "se": 0.03062672502017861
    },
    "LightGBM vs GJR-GARCH": {
      "n": 980,
      "mean_diff": 0.018507083177366563,
      "t_stat": 0.7330703485458012,
      "p_value": 0.4635155238753521,
      "se": 0.02524598521012239
    },
    "LightGBM vs HAR-RV": {
      "n": 980,
      "mean_diff": -0.05655730620942683,
      "t_stat": -1.4769672552125368,
      "p_value": 0.1396844149569456,
      "se": 0.03829286398180046
    },
    "LightGBM vs XGBoost": {
      "n": 980,
      "mean_diff": 0.007884230926853069,
      "t_stat": 0.91629348444371,
      "p_value": 0.35951298446886115,
      "se": 0.008604482145411802
    },
    "LightGBM vs Ensemble": {
      "n": 980,
      "mean_diff": 0.020109455769970124,
      "t_stat": 0.9608417390724298,
      "p_value": 0.33663174835343423,
      "se": 0.020928998972695796
    },
    "XGBoost vs GARCH": {
      "n": 980,
      "mean_diff": -0.02522085610046713,
      "t_stat": -0.8268609279334024,
      "p_value": 0.4083158915030942,
      "se": 0.0305019323666706
    },
    "XGBoost vs EGARCH": {
      "n": 980,
      "mean_diff": -0.019445858662256798,
      "t_stat": -0.6569577462905188,
      "p_value": 0.5112080858311367,
      "se": 0.029599862049054033
    },
    "XGBoost vs GJR-GARCH": {
      "n": 980,
      "mean_diff": 0.010622852250513487,
      "t_stat": 0.4300625747235389,
      "p_value": 0.6671501232473449,
      "se": 0.02470071304703106
    },
    "XGBoost vs HAR-RV": {
      "n": 980,
      "mean_diff": -0.0644415371362799,
      "t_stat": -1.678655558175716,
      "p_value": 0.09321919198557405,
      "se": 0.03838877893825457
    },
    "XGBoost vs LightGBM": {
      "n": 980,
      "mean_diff": -0.007884230926853069,
      "t_stat": -0.91629348444371,
      "p_value": 0.35951298446886115,
      "se": 0.008604482145411802
    },
    "XGBoost vs Ensemble": {
      "n": 980,
      "mean_diff": 0.012225224843117052,
      "t_stat": 0.5874628561702961,
      "p_value": 0.556892889619194,
      "se": 0.020810209045068806
    },
    "Ensemble vs GARCH": {
      "n": 980,
      "mean_diff": -0.03744608094358418,
      "t_stat": -3.2511241354081393,
      "p_value": 0.0011494965592906414,
      "se": 0.011517887162706963
    },
    "Ensemble vs EGARCH": {
      "n": 980,
      "mean_diff": -0.03167108350537385,
      "t_stat": -2.6075364074299716,
      "p_value": 0.00911963718175346,
      "se": 0.012145979406128164
    },
    "Ensemble vs GJR-GARCH": {
      "n": 980,
      "mean_diff": -0.0016023725926035623,
      "t_stat": -0.12228774297332205,
      "p_value": 0.9026711388327902,
      "se": 0.013103296811628385
    },