{
  "GARCH": {
    "MSE": 0.00634025933177448,
    "MAE": 0.05230636426669932,
    "RMSE": 0.07962574540796764,
    "QLIKE": 0.38056125841941085,
    "R2": 0.22431060022092497,
    "MZ_R2": 0.2835263479117607,
    "N": 980.0
  },
  "EGARCH": {
    "MSE": 0.005908183869304521,
    "MAE": 0.051983779589321995,
    "RMSE": 0.07686471146959781,
    "QLIKE": 0.3747862609812006,
    "R2": 0.2771722165373016,
    "MZ_R2": 0.30974020327188556,
    "N": 980.0
  },
  "GJR-GARCH": {
    "MSE": 0.005385543876751028,
    "MAE": 0.0489293468483658,
    "RMSE": 0.0733862649053011,
    "QLIKE": 0.3447175500684303,
    "R2": 0.3411138127576089,
    "MZ_R2": 0.3802296874332945,
    "N": 980.0
  },
  "HAR-RV": {
    "MSE": 0.006065284217099508,
    "MAE": 0.050695566015976405,
    "RMSE": 0.07787993462439159,
    "QLIKE": 0.41978193945522374,
    "R2": 0.2579520130551718,
    "MZ_R2": 0.2894625693938879,
    "N": 980.0
  },
  "LightGBM": {
    "MSE": 0.00549866462742883,
    "MAE": 0.04763560415471463,
    "RMSE": 0.07415298124437635,
    "QLIKE": 0.3632246332457968,
    "R2": 0.3272742262984121,
    "MZ_R2": 0.37537280161402553,
    "N": 980.0
  },
  "XGBoost": {
    "MSE": 0.005555988795201762,
    "MAE": 0.04700221085120692,
    "RMSE": 0.07453850545323377,
    "QLIKE": 0.3553404023189438,
    "R2": 0.3202609880433491,
    "MZ_R2": 0.36380247483782896,
    "N": 980.0
  },
  "Ensemble": {
    "MSE": 0.005446266632150295,
    "MAE": 0.047459922570477,
    "RMSE": 0.07379882541172518,
    "QLIKE": 0.34311517747582676,
    "R2": 0.3336847794604163,
    "MZ_R2": 0.35149850416517714,
    "N": 980.0
  }
}