{
  "by_year": {
    "2022_high_vol": {
      "N": 251,
      "models": {
        "GARCH": {
          "MSE": 0.00679958830836931,
          "MAE": 0.06302964526946173,
          "RMSE": 0.08245961622739527,
          "QLIKE": 0.25794101921855556,
          "R2": -0.15026769359707437,
          "MZ_R2": 0.04289633937196618,
          "N": 251
        },
        "EGARCH": {
          "MSE": 0.006227425670421399,
          "MAE": 0.061583917000712474,
          "RMSE": 0.0789140397547952,
          "QLIKE": 0.23464281031016526,
          "R2": -0.05347651035665879,
          "MZ_R2": 0.058683185658051855,
          "N": 251
        },
        "GJR-GARCH": {
          "MSE": 0.006411926724117444,
          "MAE": 0.06220024211588798,
          "RMSE": 0.08007450732984527,
          "QLIKE": 0.259703657743256,
          "R2": -0.08468804727279267,
          "MZ_R2": 0.14879076462094368,
          "N": 251
        },
        "HAR-RV": {
          "MSE": 0.007099548176464064,
          "MAE": 0.06367952274465512,
          "RMSE": 0.08425881660968224,
          "QLIKE": 0.31227543189884993,
          "R2": -0.2010110812842889,
          "MZ_R2": 0.05033236338749799,
          "N": 251
        },
        "LightGBM": {
          "MSE": 0.006824681926073797,
          "MAE": 0.06283628714000995,
          "RMSE": 0.08261163311588626,
          "QLIKE": 0.34292915501931576,
          "R2": -0.15451271203817885,
          "MZ_R2": 0.09840858156847614,
          "N": 251
        },
        "XGBoost": {
          "MSE": 0.00665633558367349,
          "MAE": 0.06194615367197914,
          "RMSE": 0.08158636885946996,
          "QLIKE": 0.3147828423986361,
          "R2": -0.1260340232975743,
          "MZ_R2": 0.10353012491708409,
          "N": 251
        },
        "Ensemble": {
          "MSE": 0.006147945641090251,
          "MAE": 0.059372324800327184,
          "RMSE": 0.0784088364987662,
          "QLIKE": 0.2615717863266333,
          "R2": -0.040031091916657324,
          "MZ_R2": 0.08375277736952742,
          "N": 251
        }
      }
    },
    "2023_2025_lower_vol": {
      "N": 729,
      "models": {
        "GARCH": {
          "MSE": 0.006182109025704108,
          "MAE": 0.04861426065669472,
          "RMSE": 0.07862638886343508,
          "QLIKE": 0.42278029825399893,
          "R2": 0.03089038186722215,
          "MZ_R2": 0.17204666275412586,
          "N": 729
        },
        "EGARCH": {
          "MSE": 0.00579826659621764,
          "MAE": 0.04867838248334257,
          "RMSE": 0.07614634985485279,
          "QLIKE": 0.4230386699228053,
          "R2": 0.09106165816082024,
          "MZ_R2": 0.1756128191447129,
          "N": 729
        },
        "GJR-GARCH": {
          "MSE": 0.005032152800360123,
          "MAE": 0.04436008112525459,
          "RMSE": 0.0709376684164353,
          "QLIKE": 0.37398845126680985,
          "R2": 0.21115793033311037,
          "MZ_R2": 0.2747827839388631,
          "N": 729
        },
        "HAR-RV": {
          "MSE": 0.005709179616550123,
          "MAE": 0.04622509531789909,
          "RMSE": 0.07555911339176845,
          "QLIKE": 0.45679721160426323,
          "R2": 0.10502696490116148,
          "MZ_R2": 0.18009763968616702,
          "N": 729
        },
        "LightGBM": {
          "MSE": 0.005042107231050383,
          "MAE": 0.0424018984903674,
          "RMSE": 0.07100779697364497,
          "QLIKE": 0.3702125139520338,
          "R2": 0.20959747022397002,
          "MZ_R2": 0.3053134175981224,
          "N": 729
        },
        "XGBoost": {
          "MSE": 0.005177131396153198,
          "MAE": 0.04185690269206587,
          "RMSE": 0.07195228555197672,
          "QLIKE": 0.36930466506242426,
          "R2": 0.18843103389335514,
          "MZ_R2": 0.2766289187897718,
          "N": 729
        },
        "Ensemble": {
          "MSE": 0.005204673448002245,
          "MAE": 0.04335839587679744,
          "RMSE": 0.07214342276328622,
          "QLIKE": 0.3711911598879633,
          "R2": 0.18411353201187008,
          "MZ_R2": 0.24475044549413372,
          "N": 729
        }
      }
    }
  },
  "by_regime": {
    "meta": {
      "threshold_q75": 0.19052013554326724
    },
    "high_vol_top_quartile": {
      "N": 245,
      "models": {
        "GARCH": {
          "MSE": 0.015545475994970394,
          "MAE": 0.08272466208317267,
          "RMSE": 0.12468149820631125,
          "QLIKE": 0.6913442740701602,
          "R2": -0.5964046602168165,
          "MZ_R2": 0.0464810829583586,
          "N": 245
        },
        "EGARCH": {
          "MSE": 0.014000804045563146,
          "MAE": 0.07701465177391512,
          "RMSE": 0.11832499332585295,
          "QLIKE": 0.6251600274973783,
          "R2": -0.4377783499425121,
          "MZ_R2": 0.04762934097211639,
          "N": 245
        },
        "GJR-GARCH": {
          "MSE": 0.013736384598900179,
          "MAE": 0.08182871542133946,
          "RMSE": 0.11720232335111867,
          "QLIKE": 0.6282497801552366,
          "R2": -0.4106244411756599,
          "MZ_R2": 0.09990994672023187,
          "N": 245
        },
        "HAR-RV": {
          "MSE": 0.016958959400272988,
          "MAE": 0.0898897359275888,
          "RMSE": 0.13022656948669495,
          "QLIKE": 0.9015472775186978,
          "R2": -0.741558883612373,
          "MZ_R2": 0.04185348964887804,
          "N": 245
        },
        "LightGBM": {
          "MSE": 0.016558462614521055,
          "MAE": 0.08925832207096923,
          "RMSE": 0.1286796899845545,
          "QLIKE": 0.7276396553826423,
          "R2": -0.7004308451153143,
          "MZ_R2": 0.09467514968808921,
          "N": 245
        },
        "XGBoost": {
          "MSE": 0.016597515632700274,
          "MAE": 0.08625271259123644,
          "RMSE": 0.1288313456915679,
          "QLIKE": 0.6841218666665044,
          "R2": -0.7044412993617464,
          "MZ_R2": 0.07145031974602119,
          "N": 245
        },
        "Ensemble": {
          "MSE": 0.01547183686224413,
          "MAE": 0.08340918794821989,
          "RMSE": 0.1243858386724314,
          "QLIKE": 0.6850394993938916,
          "R2": -0.5888424694742127,
          "MZ_R2": 0.06771421406899056,
          "N": 245
        }
      }
    },
    "lower_vol_bottom_3q": {
      "N": 735,
      "models": {
        "GARCH": {
          "MSE": 0.0032718537773758437,
          "MAE": 0.04216693166120822,
          "RMSE": 0.05720012043148025,
          "QLIKE": 0.27696691986916117,
          "R2": -1.1591726449102757,
          "MZ_R2": 0.1353014814770766,
          "N": 735
        },
        "EGARCH": {
          "MSE": 0.003210643810551646,
          "MAE": 0.043640155527790964,
          "RMSE": 0.056662543276415386,
          "QLIKE": 0.29132833880914133,
          "R2": -1.1187787596833285,
          "MZ_R2": 0.15936028906291322,
          "N": 735
        },
        "GJR-GARCH": {
          "MSE": 0.002601930302701311,
          "MAE": 0.03796289065737457,
          "RMSE": 0.05100911979931933,
          "QLIKE": 0.25020680670616147,
          "R2": -0.7170745136604657,
          "MZ_R2": 0.19594836621960915,
          "N": 735
        },
        "HAR-RV": {
          "MSE": 0.0024340591560416823,
          "MAE": 0.03763084271210561,
          "RMSE": 0.049336185057639814,
          "QLIKE": 0.25919349343406567,
          "R2": -0.6062924272959884,
          "MZ_R2": 0.1632050388581709,
          "N": 735
        },
        "LightGBM": {
          "MSE": 0.001812065298398087,
          "MAE": 0.03376136484929642,
          "RMSE": 0.04256836029726876,
          "QLIKE": 0.24175295920018172,
          "R2": -0.1958241685942197,
          "MZ_R2": 0.2539741585171597,
          "N": 735
        },
        "XGBoost": {
          "MSE": 0.0018754798493689259,
          "MAE": 0.03391871027119708,
          "RMSE": 0.04330681065801228,
          "QLIKE": 0.24574658086975693,
          "R2": -0.23767291033576576,